<?xml version="1.0" encoding="UTF-8" standalone="yes"?>
<AssignMessage continueOnError="false" enabled="true" name="AM-Remove-Authorization-Header">
    <DisplayName>AM-Remove-Authorization-Header</DisplayName>
    <Properties/>
    <Properties/>
    <Remove>
        <Headers>
            <Header name="Authorization"/>
        </Headers>
    </Remove>
    <IgnoreUnresolvedVariables>true</IgnoreUnresolvedVariables>
    <AssignTo createNew="false" transport="http" type="request"/>
</AssignMessage>